Marker text,Marker coalition,Coordinate X,Coordinate Y,Coordinate Z,Coordinate MGRS
-test,1,-1645.1667178148,429.59598013266,18588.854647812,MGRS 37S BU 35787 78220
test 2,1,-36518.73552772,261.40089616626,39772.386114986,MGRS 37S BU 56971 43346
youhahaa,1,-17064.471935418,392.35378590808,21326.862116358,MGRS 37S BU 38525 62801
