Marker text,Marker coalition,Coordinate X,Coordinate Y,Coordinate Z,Coordinate MGRS,Coordinate LLDMS,Coordinate LLDDM
test,2,-11732.562654564,69.140137194267,287.43630542361,MGRS 36S YD 65640 67626,LL DMS 034°54'58.878"N 035°54'27.658"E,LL DDM 034° 54.981'N   035° 54.461'E
test 2,2,4695.4821567135,538.2303966283,19885.805553966,MGRS 37S BU 37084 84561,LL DMS 035°04'10.469"N 036°07'00.349"E,LL DDM 035° 04.174'N   036° 07.006'E
